<?xml version="1.0" encoding="UTF-8"?>
<project-private xmlns="http://www.netbeans.org/ns/project-private/1">
    <editor-bookmarks xmlns="http://www.netbeans.org/ns/editor-bookmarks/2" lastBookmarkId="0"/>
    <open-files xmlns="http://www.netbeans.org/ns/projectui-open-files/2">
        <group>
            <file>file:/D:/Documentos%20nuevos/Educativo/Desarrollo%20Software/Nivel%206/Jugueteria%202/src/jugueteria/Factory/CreadorCarrito.java</file>
            <file>file:/D:/Documentos%20nuevos/Educativo/Desarrollo%20Software/Nivel%206/Jugueteria%202/src/jugueteria/Juguete.java</file>
            <file>file:/D:/Documentos%20nuevos/Educativo/Desarrollo%20Software/Nivel%206/Jugueteria%202/src/jugueteria/Factory/CreadorJuguete.java</file>
            <file>file:/D:/Documentos%20nuevos/Educativo/Desarrollo%20Software/Nivel%206/Jugueteria%202/src/jugueteria/Strategy/Menu.java</file>
            <file>file:/D:/Documentos%20nuevos/Educativo/Desarrollo%20Software/Nivel%206/Jugueteria%202/src/jugueteria/Metodos.java</file>
            <file>file:/D:/Documentos%20nuevos/Educativo/Desarrollo%20Software/Nivel%206/Jugueteria%202/src/jugueteria/Strategy/AccionCrear.java</file>
            <file>file:/D:/Documentos%20nuevos/Educativo/Desarrollo%20Software/Nivel%206/Jugueteria%202/src/jugueteria/Strategy/AccionHandler.java</file>
            <file>file:/D:/Documentos%20nuevos/Educativo/Desarrollo%20Software/Nivel%206/Jugueteria%202/src/jugueteria/Strategy/AccionVer.java</file>
            <file>file:/D:/Documentos%20nuevos/Educativo/Desarrollo%20Software/Nivel%206/Jugueteria%202/src/jugueteria/Peluche.java</file>
            <file>file:/D:/Documentos%20nuevos/Educativo/Desarrollo%20Software/Nivel%206/Jugueteria%202/src/jugueteria/Strategy/Accion.java</file>
            <file>file:/D:/Documentos%20nuevos/Educativo/Desarrollo%20Software/Nivel%206/Jugueteria%202/src/jugueteria/Strategy/AccionClonar.java</file>
            <file>file:/D:/Documentos%20nuevos/Educativo/Desarrollo%20Software/Nivel%206/Jugueteria%202/src/jugueteria/Factory/CreadorPeluche.java</file>
            <file>file:/D:/Documentos%20nuevos/Educativo/Desarrollo%20Software/Nivel%206/Jugueteria%202/src/jugueteria/Strategy/AccionEliminar.java</file>
            <file>file:/D:/Documentos%20nuevos/Educativo/Desarrollo%20Software/Nivel%206/Jugueteria%202/src/jugueteria/Carrito.java</file>
        </group>
    </open-files>
</project-private>
